Nome,Tipo Evento,Data,Hor√°rio Abertura,Classifica√ß√£o,Local,Cidade,URL Dados
SEMANA DOS NAMORADOS - BLACKPOT FLORIAN√ìPOLIS,Gastronomia,10/06/2024 a 16/06/2024,,Livre,Blackpot Restaurant,Florian√≥polis,https://soulapi.blueticket.com.br/api/v2/events/list?search=Florianopolis
XVIII Esta√ß√£o Cenarium Inverno - Mostra Did√°tica,Teatro,16/06/2024,15:00,Livre,Teatro Ademir Rosa - CIC,Florian√≥polis,https://soulapi.blueticket.com.br/api/v2/events/list?search=Florianopolis
"TUM SOS RS apresenta: Filipe Catto, Nei Lisboa, Renato Borghetti, Fam√≠lia Lima, Negra Jaque, Guinha Ramires, 50 Tons de Pretas",Shows,16/06/2024,15:00,Livre,Boulevard 14/32 ‚Äî Aeroporto de Florian√≥polis,Florian√≥polis,https://soulapi.blueticket.com.br/api/v2/events/list?search=Florianopolis
Pe√ßa Teatral NUNCA DESISTA DOS SEUS SONHOS de AUGUSTO CURY,Teatro,22/06/2024,19:00,10 anos,Teatro Ademir Rosa - CIC,Florian√≥polis,https://soulapi.blueticket.com.br/api/v2/events/list?search=Florianopolis
Heaven -  22/06,Baladas,22/06/2024,23:00,18 anos,Heaven,Florian√≥polis,https://soulapi.blueticket.com.br/api/v2/events/list?search=Florianopolis
BRUNA LOUISE em Florian√≥polis/SC,Teatro,23/06/2024,16:00,,Teatro Ademir Rosa - CIC,Florian√≥polis,https://soulapi.blueticket.com.br/api/v2/events/list?search=Florianopolis
BRUNA LOUISE em Florian√≥polis/SC,Teatro,23/06/2024,18:00,,Teatro Ademir Rosa - CIC,Florian√≥polis,https://soulapi.blueticket.com.br/api/v2/events/list?search=Florianopolis
BRUNA LOUISE em Florian√≥polis/SC,Teatro,23/06/2024,20:00,,Teatro Ademir Rosa - CIC,Florian√≥polis,https://soulapi.blueticket.com.br/api/v2/events/list?search=Florianopolis
Summit Cidades 2024,,24/06/2024 a 26/06/2024,,Livre,Centrosul,Florian√≥polis,https://soulapi.blueticket.com.br/api/v2/events/list?search=Florianopolis
Camerata Educando com M√∫sica - CONCERTO DE INVERNO,Teatro,25/06/2024,18:30,2 anos,Teatro Ademir Rosa - CIC,Florian√≥polis,https://soulapi.blueticket.com.br/api/v2/events/list?search=Florianopolis
"Concerto Inaugural ""Lumina Ignis - Luz e Transforma√ß√£o""",Teatro,26/06/2024,19:00,Livre,Teatro Ademir Rosa - CIC,Florian√≥polis,https://soulapi.blueticket.com.br/api/v2/events/list?search=Florianopolis
Exact Network - 14¬™ edi√ß√£o,Congresso,28/06/2024,08:00,18 anos,RD Station,Florian√≥polis,https://soulapi.blueticket.com.br/api/v2/events/list?search=Florianopolis
SERGIO MALLANDRO em Os Perrengues do Malandro!!!,Shows,28/06/2024,19:30,16 anos,Cinemark Floripa Shopping,Florian√≥polis,https://soulapi.blueticket.com.br/api/v2/events/list?search=Florianopolis
Estacionamento Antecipado | Terraza | triptodeep,Baladas,29/06/2024,23:00,,Terraza - Music Park,Florian√≥polis,https://soulapi.blueticket.com.br/api/v2/events/list?search=Florianopolis
Terraza & Trip to Deep | L_cio,Baladas,29/06/2024,23:00,18 anos,Terraza - Music Park,Florian√≥polis,https://soulapi.blueticket.com.br/api/v2/events/list?search=Florianopolis
3¬∫ Dan√ßa Crian√ßa,Shows,30/06/2024,09:30,Livre,Teatro Ademir Rosa - CIC,Florian√≥polis,https://soulapi.blueticket.com.br/api/v2/events/list?search=Florianopolis
3¬∫ Dan√ßa Crian√ßa,Shows,30/06/2024,13:30,Livre,Teatro Ademir Rosa - CIC,Florian√≥polis,https://soulapi.blueticket.com.br/api/v2/events/list?search=Florianopolis
3¬∫ Dan√ßa Crian√ßa,Shows,30/06/2024,17:00,Livre,Teatro Ademir Rosa - CIC,Florian√≥polis,https://soulapi.blueticket.com.br/api/v2/events/list?search=Florianopolis
Camerata Florian√≥polis - GAME CONCERT,Teatro,04/07/2024,19:30,,Teatro Ademir Rosa - CIC,Florian√≥polis,https://soulapi.blueticket.com.br/api/v2/events/list?search=Florianopolis
GRATILUZ COM DRA. ROS√ÇNGELA,Teatro,05/07/2024,17:30,Livre,Teatro Ademir Rosa - CIC,Florian√≥polis,https://soulapi.blueticket.com.br/api/v2/events/list?search=Florianopolis
GRATILUZ COM DRA. ROS√ÇNGELA,Teatro,05/07/2024,20:00,Livre,Teatro Ademir Rosa - CIC,Florian√≥polis,https://soulapi.blueticket.com.br/api/v2/events/list?search=Florianopolis
ARRAI√Å DE RUA - JIVAGO,Baladas,06/07/2024,16:00,,Jivago Social Club,Florian√≥polis,https://soulapi.blueticket.com.br/api/v2/events/list?search=Florianopolis
Jurer√™ Wine Winter,Gastronomia,06/07/2024,17:00,18 anos,Espa√ßo locado - Safari Beach Club,Florian√≥polis,https://soulapi.blueticket.com.br/api/v2/events/list?search=Florianopolis
REVEZAMENTO INDOOR - 6H | 1¬™ EDI√á√ÉO 2024,Esportivo,13/07/2024,13:00,,Centro - Florian√≥polis,Florian√≥polis,https://soulapi.blueticket.com.br/api/v2/events/list?search=Florianopolis
"Benito Di Paula 80 anos, A Lenda  - Novo Show",Teatro,13/07/2024,20:00,,Teatro Ademir Rosa - CIC,Florian√≥polis,https://soulapi.blueticket.com.br/api/v2/events/list?search=Florianopolis
"Badin o colono, novo show, novas hist√≥rias em Florian√≥polis/SC",Shows,14/07/2024,17:00,Livre,Teatro Ademir Rosa - CIC,Florian√≥polis,https://soulapi.blueticket.com.br/api/v2/events/list?search=Florianopolis
RH Conecta SC - Talent Acquisition,Cursos,16/07/2024,19:00,18 anos,Centro de Inova√ß√£o Acate,Florian√≥polis,https://soulapi.blueticket.com.br/api/v2/events/list?search=Florianopolis
Novo Show THIAGO VENTURA 2024 // FLORIPA // 17.07 Quarta,Teatro,17/07/2024,20:30,16 anos,Teatro Ademir Rosa - CIC,Florian√≥polis,https://soulapi.blueticket.com.br/api/v2/events/list?search=Florianopolis
THIAGO VENTURA em FLORIPA // Novo Show 2024 // 18.07 Quinta,Teatro,18/07/2024,20:30,16 anos,Teatro Ademir Rosa - CIC,Florian√≥polis,https://soulapi.blueticket.com.br/api/v2/events/list?search=Florianopolis
5¬∫ Hupur Bushcraft 2024,Esportivo,19/07/2024 a 21/07/2024,,12 anos,Camping Quilombo Vidal Martins,Florian√≥polis,https://soulapi.blueticket.com.br/api/v2/events/list?search=Florianopolis
D√âTE PEXERA com a com√©dia ‚ÄúBOCUDA!‚Äù,Teatro,26/07/2024,19:45,14 anos,Cinemark Floripa Shopping,Florian√≥polis,https://soulapi.blueticket.com.br/api/v2/events/list?search=Florianopolis
Roberto Carlos | Florian√≥polis¬†-¬†SC¬†|¬†27Jul24,Shows,27/07/2024,19:00,,Arena Opus,S√£o Jos√©,https://soulapi.blueticket.com.br/api/v2/events/list?search=Florianopolis
Imers√£o Estrat√©gias de Encantamento,Cursos,31/07/2024,08:30,Livre,LUSCH Garden - Espa√ßo para Eventos,Florian√≥polis,https://soulapi.blueticket.com.br/api/v2/events/list?search=Florianopolis
Show RENATO ALBANI em FLORIPA // 02.08.24 Sexta,Teatro,02/08/2024,19:30,16 anos,Teatro Ademir Rosa - CIC,Florian√≥polis,https://soulapi.blueticket.com.br/api/v2/events/list?search=Florianopolis
O Veneno do Teatro em Florian√≥polis/SC,Teatro,03/08/2024,19:30,14 anos,Teatro Ademir Rosa - CIC,Florian√≥polis,https://soulapi.blueticket.com.br/api/v2/events/list?search=Florianopolis
DESAFIO DAS ARANHAS | 4¬™ EDI√á√ÉO - 2024,Esportivo,04/08/2024,08:00,,Praia de Mocambique,Florian√≥polis,https://soulapi.blueticket.com.br/api/v2/events/list?search=Florianopolis
O Veneno do Teatro em Florian√≥polis/SC,Teatro,04/08/2024,17:00,14 anos,Teatro Ademir Rosa - CIC,Florian√≥polis,https://soulapi.blueticket.com.br/api/v2/events/list?search=Florianopolis
Startup Summit 2024,Congresso,14/08/2024 a 16/08/2024,,18 anos,Centrosul,Florian√≥polis,https://soulapi.blueticket.com.br/api/v2/events/list?search=Florianopolis
13¬™ Feijoada da OAB/SC,Shows,17/08/2024,11:00,18 anos,Sede Balne√°ria da OAB,Florian√≥polis,https://soulapi.blueticket.com.br/api/v2/events/list?search=Florianopolis
SUPERTRAMP Experience,Shows,17/08/2024,20:00,Livre,Teatro Ademir Rosa - CIC,Florian√≥polis,https://soulapi.blueticket.com.br/api/v2/events/list?search=Florianopolis
ESG Summit Brazil | Florian√≥polis 2024,,21/08/2024,09:00,18 anos,Fuso Concept Hotel,Florian√≥polis,https://soulapi.blueticket.com.br/api/v2/events/list?search=Florianopolis
Show MOACYR FRANCO & Banda - Cantos e Contos!!!,Teatro,01/09/2024,18:00,Livre,Teatro Ademir Rosa - CIC,Florian√≥polis,https://soulapi.blueticket.com.br/api/v2/events/list?search=Florianopolis
Winter Play 2024 | Pacote 4 festas (Posh + Safari + Music Park + Terraza),Baladas,06/09/2024 a 07/09/2024,,18 anos,Music Park - Jurer√™ Internacional,Florian√≥polis,https://soulapi.blueticket.com.br/api/v2/events/list?search=Florianopolis
Winter Play 2024 | Posh Club - 06.09,Baladas,06/09/2024,23:59,18 anos,Posh Club - Jurer√™ Internacional,Florian√≥polis,https://soulapi.blueticket.com.br/api/v2/events/list?search=Florianopolis
Winter Play 2024 |  Corona apresenta Safari Sunset - 07.09,Baladas,07/09/2024,15:00,,Safari Beach,Florian√≥polis,https://soulapi.blueticket.com.br/api/v2/events/list?search=Florianopolis
Winter Play 2024 |  Belvedere Party - 07.09,Baladas,07/09/2024,23:00,18 anos,Music Park - Jurer√™ Internacional,Florian√≥polis,https://soulapi.blueticket.com.br/api/v2/events/list?search=Florianopolis
7MZ - 7 Minutoz O Show | ESPECIAL DE 10 ANOS,Shows,14/09/2024,17:00,,Stage Music Park,Florian√≥polis,https://soulapi.blueticket.com.br/api/v2/events/list?search=Florianopolis
Stand Up PAULINHO SERRA em S√ì DE LEVE!,Stand Up,27/09/2024,19:45,14 anos,Cinemark Floripa Shopping,Florian√≥polis,https://soulapi.blueticket.com.br/api/v2/events/list?search=Florianopolis
iGaming & Gamers International Expo 2024 (IGI 2024),,02/10/2024 a 04/10/2024,,18 anos,Centro Sul - Centro de Conven√ß√µes de Florian√≥polis,Florian√≥polis,https://soulapi.blueticket.com.br/api/v2/events/list?search=Florianopolis
Oingo Boingo Former Members | Florian√≥polis,Shows,09/11/2024,21:00,16 anos,Stage Music Park,Florian√≥polis,https://soulapi.blueticket.com.br/api/v2/events/list?search=Florianopolis
Estacionamento Antecipado | Oingo Boingo Former Members | Florian√≥polis,Shows,09/11/2024,21:00,,Stage Music Park,Florian√≥polis,https://soulapi.blueticket.com.br/api/v2/events/list?search=Florianopolis
"Folian√≥polis 2024 | Dias 14, 15 e 16 de Novembro",Shows,14/11/2024 a 16/11/2024,,,Passarela Nego Quirido,Florian√≥polis,https://soulapi.blueticket.com.br/api/v2/events/list?search=Florianopolis
Safari Beach Jurer√™ - R√©veillon 2025,Baladas,31/12/2024,22:00,18 anos,Safari Beach Jurer√™,Florian√≥polis,https://soulapi.blueticket.com.br/api/v2/events/list?search=Florianopolis
Pr√© Carnaval - Bloco EVA,,22/02/2024,14:00,,Beiramar Estreito,Florian√≥polis,https://soulapi.blueticket.com.br/api/v2/events/list?search=Florianopolis
GopherCon Brasil 2025,Cursos,05/05/2024 a 06/05/2024,,,Centro Sul - Centro de Conven√ß√µes de Florian√≥polis,Florian√≥polis,https://soulapi.blueticket.com.br/api/v2/events/list?search=Florianopolis
Ritos Despertar Com Dr. Victor Sorrentino  (EVENTO ADIADO - SEM NOVA DATA DEFINIDA),Congresso,,,12 anos,JUSC - Jurer√™ Sport Center,Florian√≥polis,https://soulapi.blueticket.com.br/api/v2/events/list?search=Florianopolis
"Tum Festival 2023 apresenta: Daniela, Margareth,  Marina Sena¬†e¬†Maria¬†Gad√∫ (Nova data em breve)",Shows,,,,Arena Imp√©rio das √Åguias - Campeche ,Florian√≥polis,https://soulapi.blueticket.com.br/api/v2/events/list?search=Florianopolis
 Pagode do Sete - Ayan Natan,Baladas, 29/05/2024 √† 30/06/2024, 22:00, 18 anos,7Barra7 Music Bar , Florian√≥polis,https://www.pensanoevento.com.br/baladas/62539/pagode-do-sete-ayan-natan
 Quinta Deu Samba,Baladas, 30/05/2024 √† 01/07/2024, 22:00, 18 anos,7Barra7 Music Bar , Florian√≥polis,https://www.pensanoevento.com.br/baladas/62220/quinta-deu-samba
 Santa Sexta - Ayan Natan,Baladas, 31/05/2024 √† 02/07/2024, 22:00, 18 anos,7Barra7 Music Bar , Florian√≥polis,https://www.pensanoevento.com.br/baladas/62221/santa-sexta-ayan-natan
 Quinta Deu Samba,Baladas, 06/06/2024 √† 08/07/2024, 22:00, 18 anos,7Barra7 Music Bar , Florian√≥polis,https://www.pensanoevento.com.br/baladas/62226/quinta-deu-samba
 Santa Sexta - Grupo Sos,Baladas, 07/06/2024 √† 09/07/2024, 22:00, 18 anos,7Barra7 Music Bar , Florian√≥polis,https://www.pensanoevento.com.br/baladas/62222/santa-sexta-grupo-sos
 Quinta Deu Samba,Baladas, 13/06/2024 √† 15/07/2024, 22:00, 18 anos,7Barra7 Music Bar , Florian√≥polis,https://www.pensanoevento.com.br/baladas/62227/quinta-deu-samba
 Santa Sexta - Lype,Baladas, 14/06/2024 √† 16/07/2024, 22:00, 18 anos,7Barra7 Music Bar , Florian√≥polis,https://www.pensanoevento.com.br/baladas/62223/santa-sexta-lype
 10¬∞ Festa da Tainha,Shows, 15 e 16 de Junho,, Livre,Vereda Tropical  ," Barra da Lagoa, Florian√≥polis ",https://www.pensanoevento.com.br/shows/61776/100-festa-da-tainha
 Deixa Em Off - Ayan Natan,Baladas, 15/06/2024 √† 17/07/2024, 22:00, 18 anos,7Barra7 Music Bar , Florian√≥polis,https://www.pensanoevento.com.br/baladas/62230/deixa-em-off-ayan-natan
 Domingo Tem Samba,Eventos, 16/06/2024, 11:30, Livre,Boteco Z√© Man√© , Florian√≥polis,https://www.pensanoevento.com.br/eventos/62987/domingo-tem-samba
 Feeling Floripa - Domingo,Baladas, 16/06/2024, 12:00, 12 anos,Feeling Lounge , Florian√≥polis,https://www.pensanoevento.com.br/baladas/59989/feeling-floripa-domingo
 Seu Ant√¥nio,Baladas, 16/06/2024, 12:00, 18 anos,Seu Ant√¥nio , Florian√≥polis,https://www.pensanoevento.com.br/baladas/61731/seu-antonio
 Nossa Vibe 360,Baladas, 16/06/2024, 16:00, 18 anos,Bunker 22 , Florian√≥polis,https://www.pensanoevento.com.br/baladas/62361/nossa-vibe-360
 Domingo - Boteco 360,Baladas, 16/06/2024, 20:00, 18 anos,Boteco Quintino , Florian√≥polis,https://www.pensanoevento.com.br/baladas/61882/domingo-boteco-360
 Domingo,Baladas, 16/06/2024, 20:30, 18 anos,Mister Chopp , Florian√≥polis,https://www.pensanoevento.com.br/baladas/55867/domingo
 FERNANDO PEDROSA - XAVECA A PLAT√âIA E BEBE VINHO - SESS√ÉO EXTRA - 23h,Eventos, 16/06/2024, 22:00, 18 anos,Floripa Comedy Club , Florian√≥polis,https://www.pensanoevento.com.br/eventos/61401/fernando-pedrosa-xaveca-a-plateia-e-bebe-vinho-sessao-extra-23h
 PAGODEIRA - Tenta√ß√£o + DJ Andrei Ventura,Baladas, 16/06/2024, 22:00, 18 anos,O Fulano Floripa ," Estreito, Florian√≥polis ",https://www.pensanoevento.com.br/baladas/60251/pagodeira-tentacao-dj-andrei-ventura
 Feeling Floripa - Segunda-feira,Baladas, 17/06/2024, 12:00, 12 anos,Feeling Lounge , Florian√≥polis,https://www.pensanoevento.com.br/baladas/59702/feeling-floripa-segunda-feira
 Los Troncos Parrilla Uruguaya - Ter√ßa-feira,Gastronomia, 18/06/2024, 11:30, Livre,Los Troncos Parrilla Uruguaya , Florian√≥polis,https://www.pensanoevento.com.br/eventos/62653/los-troncos-parrilla-uruguaya-terca-feira
 Feeling Floripa - Ter√ßa-feira,Baladas, 18/06/2024, 12:00, 12 anos,Feeling Lounge , Florian√≥polis,https://www.pensanoevento.com.br/baladas/59750/feeling-floripa-terca-feira
 Ferro SC - Ter√ßa,Gastronomia, 18/06/2024, 18:00, Livre,Ferro SC , Florian√≥polis,https://www.pensanoevento.com.br/eventos/62238/ferro-sc-terca
 Ter√ßa,Eventos, 18/06/2024, 18:00, Livre,Por Dios | Tapas Y Bodega , Florian√≥polis,https://www.pensanoevento.com.br/eventos/62263/terca
" BABU CARREIRA - SOLTEIRA SIM, SOZINHA TAMB√âM - 21h",Eventos, 18/06/2024, 19:00, 18 anos,Floripa Comedy Club , Florian√≥polis,https://www.pensanoevento.com.br/eventos/61708/babu-carreira-solteira-sim-sozinha-tambem-21h
 Tanoa Praia,Eventos, 19/06/2024, 11:00, Livre,Tanoa Praia , Florian√≥polis,https://www.pensanoevento.com.br/eventos/63188/tanoa-praia
 Los Troncos Parrilla Uruguaya - Quarta-feira,Gastronomia, 19/06/2024, 11:30, Livre,Los Troncos Parrilla Uruguaya , Florian√≥polis,https://www.pensanoevento.com.br/eventos/62660/los-troncos-parrilla-uruguaya-quarta-feira
 Feeling Floripa - Quarta-feira,Baladas, 19/06/2024, 12:00, 12 anos,Feeling Lounge , Florian√≥polis,https://www.pensanoevento.com.br/baladas/59798/feeling-floripa-quarta-feira
 Quarta,Eventos, 19/06/2024, 18:00, Livre,Por Dios | Tapas Y Bodega , Florian√≥polis,https://www.pensanoevento.com.br/eventos/62267/quarta
 Ferro SC - Quarta,Gastronomia, 19/06/2024, 18:00, Livre,Ferro SC , Florian√≥polis,https://www.pensanoevento.com.br/eventos/62241/ferro-sc-quarta
 ERINALDO NOBRE - VENDENDO MINHAS REDES - 21h,Eventos, 19/06/2024, 19:00, 18 anos,Floripa Comedy Club , Florian√≥polis,https://www.pensanoevento.com.br/eventos/61543/erinaldo-nobre-vendendo-minhas-redes-21h
 Drag Battle 4 - Brasilidades Anos 80,Baladas, 19/06/2024, 20:00, 18 anos,OPIUM , Florian√≥polis,https://www.pensanoevento.com.br/baladas/63187/drag-battle-4-brasilidades-anos-80
 Quarta-feira,Baladas, 19/06/2024, 20:30, 18 anos,Mister Chopp , Florian√≥polis,https://www.pensanoevento.com.br/baladas/55894/quarta-feira
 TROPA DO 01 - DJ Grecco + DJ Molck + DJ Leozin da SF + DJ Andrei Ventura,Baladas, 19/06/2024, 22:00, 18 anos,O Fulano Floripa ," Estreito, Florian√≥polis ",https://www.pensanoevento.com.br/baladas/60228/tropa-do-01-dj-grecco-dj-molck-dj-leozin-da-sf-dj-andrei-ventura
 Tanoa Praia,Eventos, 20/06/2024, 11:00, Livre,Tanoa Praia , Florian√≥polis,https://www.pensanoevento.com.br/eventos/63189/tanoa-praia
 Los Troncos Parrilla Uruguaya - Quinta-feira,Gastronomia, 20/06/2024, 11:30, Livre,Los Troncos Parrilla Uruguaya , Florian√≥polis,https://www.pensanoevento.com.br/eventos/62664/los-troncos-parrilla-uruguaya-quinta-feira
 Feeling Floripa - Quinta-feira,Baladas, 20/06/2024, 12:00, 12 anos,Feeling Lounge , Florian√≥polis,https://www.pensanoevento.com.br/baladas/59846/feeling-floripa-quinta-feira
 Quinta,Eventos, 20/06/2024, 18:00, Livre,Por Dios | Tapas Y Bodega , Florian√≥polis,https://www.pensanoevento.com.br/eventos/62271/quinta
 Ferro SC - Quinta,Gastronomia, 20/06/2024, 18:00, Livre,Ferro SC , Florian√≥polis,https://www.pensanoevento.com.br/eventos/62245/ferro-sc-quinta
 Lusco Fusco Duo Brasilidades,Eventos, 20/06/2024, 18:00, Livre,Boteco Z√© Man√© , Florian√≥polis,https://www.pensanoevento.com.br/eventos/63014/lusco-fusco-duo-brasilidades
 O MENINO DO RH - EM EXPERI√äNCIA - 21h,Eventos, 20/06/2024, 19:00, 18 anos,Floripa Comedy Club , Florian√≥polis,https://www.pensanoevento.com.br/eventos/59657/o-menino-do-rh-em-experiencia-21h
 Flora Cruz,Shows, 20/06/2024, 20:00, 18 anos,Delfino 146 , Florian√≥polis,https://www.pensanoevento.com.br/shows/61790/flora-cruz
 Burla! Burla!,Baladas, 20/06/2024, 20:00, 18 anos,OPIUM , Florian√≥polis,https://www.pensanoevento.com.br/baladas/63140/burla-burla
 Quinta-feira,Baladas, 20/06/2024, 20:30, 18 anos,Mister Chopp , Florian√≥polis,https://www.pensanoevento.com.br/baladas/55918/quinta-feira
 Quinta Fire |,Baladas, 20/06/2024, 21:00, 18 anos,Bar do Espartano , Florian√≥polis,https://www.pensanoevento.com.br/baladas/63055/quinta-fire
 Quarteto Vermelho e Branco - Samba + Rodrigo Real e Banda,Shows, 20/06/2024, 21:30, 18 anos,Franz Cabaret , Florian√≥polis,https://www.pensanoevento.com.br/shows/62618/quarteto-vermelho-e-branco-samba-rodrigo-real-e-banda
 Terrazzo Onze,Baladas, 20/06/2024, 22:00, 18 anos,Terrazzo Onze , Florian√≥polis,https://www.pensanoevento.com.br/baladas/57852/terrazzo-onze
 Quinta Deu Samba,Baladas, 20/06/2024 √† 22/07/2024, 22:00, 18 anos,7Barra7 Music Bar , Florian√≥polis,https://www.pensanoevento.com.br/baladas/62228/quinta-deu-samba
 Tanoa Praia,Eventos, 21/06/2024, 11:00, Livre,Tanoa Praia , Florian√≥polis,https://www.pensanoevento.com.br/eventos/63190/tanoa-praia
 Los Troncos Parrilla Uruguaya - Sexta-feira,Gastronomia, 21/06/2024, 11:30, Livre,Los Troncos Parrilla Uruguaya , Florian√≥polis,https://www.pensanoevento.com.br/eventos/62668/los-troncos-parrilla-uruguaya-sexta-feira
 Feeling Floripa - Sexta-feira,Baladas, 21/06/2024, 12:00, 12 anos,Feeling Lounge , Florian√≥polis,https://www.pensanoevento.com.br/baladas/59894/feeling-floripa-sexta-feira
 Telinho do Cavaco & Banda,Eventos, 21/06/2024, 18:00, Livre,Boteco Z√© Man√© , Florian√≥polis,https://www.pensanoevento.com.br/eventos/63016/telinho-do-cavaco-banda
,,,,,,,
Micro franquia barata lucrativa baixo investimento Super Anfitri√£o Meet up,Cursos,08/05/2025,13:00,,"R. Patr√≠cio Farias, 131",Florian√≥polis,https://www.sympla.com.br/api/v1/search
Cohost Coanfitri√£o Administrador gest√£o de Airbnb Florian√≥polis e regi√£o - Meetup Encontro,Congressos,30/12/2025,15:00,,"R. Patr√≠cio Farias, 131",Florian√≥polis,https://www.sympla.com.br/api/v1/search
INOVAR SC 2024 . 11a Edi√ß√£o,Cursos,12/11/2024,12:30,,FACISC,Florian√≥polis,https://www.sympla.com.br/api/v1/search
III Simp√≥sio Internacional de Inclus√£o no Ensino Superior,Congressos,18/06/2024,10:30,,Assembleia Legislativa de Santa Catarina (ALESC),Florian√≥polis,https://www.sympla.com.br/api/v1/search
CONSTRUSUMMIT 2024,Congressos,04/09/2024,11:00,,CentroSul,Florian√≥polis,https://www.sympla.com.br/api/v1/search
27¬∫ Congresso Internacional UNIDAS - Inova√ß√£o impulsionando o prop√≥sito das autogest√µes,Congressos,27/11/2024,11:00,,CentroSul Florian√≥polis,Florian√≥polis,https://www.sympla.com.br/api/v1/search
Anos Dourados - A Boate,Baladas,06/07/2024,00:30,,Lira T√™nis Clube,Florian√≥polis,https://www.sympla.com.br/api/v1/search
ESQUENTA SUMMIT HAPPY HOUR,Congressos,13/08/2024,22:00,,Botequim Floripa,Florian√≥polis,https://www.sympla.com.br/api/v1/search
Mercosul iGaming Summit - Gramado,,05/12/2024,11:00,,Florian√≥polis,Florian√≥polis,https://www.sympla.com.br/api/v1/search
Semin√°rio Estadual para a Avalia√ß√£o e Revis√£o do Plano de Atendimento Socioeducativo SINASE - SC,Congressos,11/07/2024,11:00,,Universidade do Estado de Santa Catarina,Florian√≥polis,https://www.sympla.com.br/api/v1/search
Semin√°rio Estadual para a Avalia√ß√£o e Revis√£o do PDNDHCA - Santa Catarina,Congressos,12/07/2024,11:00,,Universidade do Estado de Santa Catarina,Florian√≥polis,https://www.sympla.com.br/api/v1/search
A Melhor Turn√™ do Mundo: Bella e o Olmo da Bruxa em Florian√≥polis,Shows,18/07/2024,23:00,,Ha√¥ma Baixo Centro Bar,Florian√≥polis,https://www.sympla.com.br/api/v1/search
Concerto Sinf√¥nico (em Florian√≥polis/SC),Teatro,06/07/2024,23:00,,Teatro Ademir Rosa,Florian√≥polis,https://www.sympla.com.br/api/v1/search
MEGA RODADA DE NEG√ìCIOS FLORIPA 28/09/2024,Congressos,28/09/2024,11:00,,Hotel Majestic Palace,Florian√≥polis,https://www.sympla.com.br/api/v1/search
Hackeando os estudos: Os Segredos e Truques de IA dos Estudantes,Cursos,09/07/2024,17:00,,Centro Socioecon√¥mico - CSE UFSC,Florian√≥polis,https://www.sympla.com.br/api/v1/search
Porter Summit 2024,Baladas,09/11/2024,11:00,,Centro Sul,Florian√≥polis,https://www.sympla.com.br/api/v1/search
Sess√£o Especial em comemora√ß√£o dos 40 anos da ADVB,Cursos,15/07/2024,22:00,,Assembleia Legislativa do Estado de Santa Catarina,Florian√≥polis,https://www.sympla.com.br/api/v1/search
Workshop: Transformando Pessoas e Territ√≥rios Inteligentes,Cursos,25/06/2024,12:30,,CentroSul,Florian√≥polis,https://www.sympla.com.br/api/v1/search
Florbela Espanca,Teatro,22/06/2024,23:00,,Teatro da UBRO,Florian√≥polis,https://www.sympla.com.br/api/v1/search
CURSO |RELACIONAMENTO CONJUGAL COMO ENTENDER SEU MARIDO,Cursos,08/03/2024,22:30,,AD Floripa - Igreja Evang√©lica Assembleia de Deus em Florian√≥polis,Florian√≥polis,https://www.sympla.com.br/api/v1/search
Floripa Craft Beer,Shows,22/06/2024,14:00,,"Av. Cl√°udio A. Barbosa, 24",Florian√≥polis,https://www.sympla.com.br/api/v1/search
21¬∫ Congresso Catarinense KLA de Lideran√ßa (PRESENCIAL),Congressos,20/07/2024,12:30,,Centrosul,Florian√≥polis,https://www.sympla.com.br/api/v1/search
FIFTY SHADES FREED/ 50 TONS DE LIBERDADE,Baladas,08/09/2024,01:00,,Local a definir,Florian√≥polis,https://www.sympla.com.br/api/v1/search
REWIND #03 - OLDSCHOOL HITS PARTY com Rose Bar e JP Bueno,Baladas,21/06/2024,01:00,,Jivago Social Club,Florian√≥polis,https://www.sympla.com.br/api/v1/search
FaceLift Massage Training Florian√≥polis,Cursos,19/07/2024,12:00,,Local a definir,Florian√≥polis,https://www.sympla.com.br/api/v1/search
Mafalda Minnozzi - Florian√≥polis,,18/06/2024,23:00,,Teatro Ademir Rosa,Florian√≥polis,https://www.sympla.com.br/api/v1/search
Open Bar das UndrCats + Pista Experimental: Pop BR,Baladas,23/06/2024,02:00,,"Alameda Adolfo Konder, 1007",Florian√≥polis,https://www.sympla.com.br/api/v1/search
Oficinas - Jornada cient√≠fica 2024,Cursos,15/06/2024,18:00,,"R. Ant√¥nio Dib Mussi, 366",Florian√≥polis,https://www.sympla.com.br/api/v1/search
Congresso Sul-brasileiro de Gest√£o Estrat√©gica na Sa√∫de,Congressos,21/09/2024,11:00,,Local a definir,Florian√≥polis,https://www.sympla.com.br/api/v1/search
Embraza + Pista Experimental: Rave Baile,Baladas,22/06/2024,02:00,,"Alameda Adolfo Konder, 1007",Florian√≥polis,https://www.sympla.com.br/api/v1/search
PRESENCE LED ZEPPELIN EM C√âLULA SHOWCASE,Baladas,20/07/2024,00:00,,C√©lula Showcase,Florian√≥polis,https://www.sympla.com.br/api/v1/search
eDOC4a Florian√≥polis,Congressos,20/06/2024,11:00,,FACISC - Federa√ß√£o das Associa√ß√µes Empresariais de Santa Catarina,Florian√≥polis,https://www.sympla.com.br/api/v1/search
Brux√≥lico - Teatro dos Livros do Vestibular - 19/10 - 14:00,Teatro,19/10/2024,17:00,,Teatro do CEMJ,Florian√≥polis,https://www.sympla.com.br/api/v1/search
Brux√≥lico - Teatro dos Livros do Vestibular - 20/10 - 14:00,Teatro,20/10/2024,17:00,,Teatro do CEMJ,Florian√≥polis,https://www.sympla.com.br/api/v1/search
DWX | Data World Xperience 25,,20/03/2025,12:00,,CentroSul,Florian√≥polis,https://www.sympla.com.br/api/v1/search
O Segredo por tr√°s do prop√≥sito,Cursos,19/06/2024,22:00,,Majestic Palace Hotel,Florian√≥polis,https://www.sympla.com.br/api/v1/search
EGOV EXPERIENCE TOUR¬Æ   O melhor projeto de GOVERNO DIGITAL do mundo e os cases do Brasil,Congressos,03/07/2024,11:00,,Audit√≥rio - CIASC ,Florian√≥polis,https://www.sympla.com.br/api/v1/search
T√ÅBULA MAGICKA,Cursos,06/07/2024,13:00,,Castelmar Hotel,Florian√≥polis,https://www.sympla.com.br/api/v1/search
Jornada de Cartel: A Psican√°lise e os Discursos,Cursos,29/06/2024,17:00,,Edif√≠cio Saint James,Florian√≥polis,https://www.sympla.com.br/api/v1/search
Otimiza 360¬∫ FLORIAN√ìPOLIS - SC | LOJA VIRTUAL (E-COMMERCE) | FARACON CONTABILIDADE,Cursos,26/06/2024,21:00,,Conselho Regional de Contabilidade de Santa Catarina - CRCSC,Florian√≥polis,https://www.sympla.com.br/api/v1/search
Hey Jude & Orquestra  Florian√≥polis,,11/08/2024,00:00,,Centro de Cultura e Eventos da UFSC,Florian√≥polis,https://www.sympla.com.br/api/v1/search
ESPECIAL SINF√îNICO TINA TURNER por OSSCA e M√©rcia Maruk,,26/07/2024,23:00,,Teatro Ademir Rosa,Florian√≥polis,https://www.sympla.com.br/api/v1/search
M√©todo Christian Dequeker - Respira√ß√£o e Apneia (Floripa - SC),Cursos,09/11/2024,12:00,,Racer Academia - Unidade Trindade,Florian√≥polis,https://www.sympla.com.br/api/v1/search
Fest'Up Floripa 2024,,23/08/2024,11:30,,SENAC Florian√≥polis,Florian√≥polis,https://www.sympla.com.br/api/v1/search
O Segredo da Comunica√ß√£o - 3¬∫ Edi√ß√£o,Cursos,04/08/2024,10:30,,LK Design Hotel - Florian√≥polis,Florian√≥polis,https://www.sympla.com.br/api/v1/search
CURSO | EU E MINHA CASA,Cursos,03/06/2024,22:30,,AD Floripa - Igreja Evang√©lica Assembleia de Deus em Florian√≥polis,Florian√≥polis,https://www.sympla.com.br/api/v1/search
CURSO | COMUNICA√á√ÉO,Cursos,03/06/2024,22:30,,AD Floripa - Igreja Evang√©lica Assembleia de Deus em Florian√≥polis,Florian√≥polis,https://www.sympla.com.br/api/v1/search
SAMBA DAS PRETA,Baladas,23/06/2024,00:30,,Alameda do Samba,Florian√≥polis,https://www.sympla.com.br/api/v1/search
Beer N' Sales 10¬™ Edi√ß√£o | Florian√≥polis,Cursos,20/06/2024,21:30,,Wooden Tap Beer,Florian√≥polis,https://www.sympla.com.br/api/v1/search
Happy Hour Startup Summit Universidades 2024,Cursos,14/08/2024,22:30,,Hard Rock Cafe Florian√≥polis,Florian√≥polis,https://www.sympla.com.br/api/v1/search
Dia Internacional da Mulher na Engenharia,Congressos,26/06/2024,22:00,,CREA-SC,Florian√≥polis,https://www.sympla.com.br/api/v1/search
CURSO DE HABILITA√á√ÉO EM SUTURA SIMPLES PARA ENFERMEIROS,Cursos,06/07/2024,11:00,,HOTEL CASTELMAR,Florian√≥polis,https://www.sympla.com.br/api/v1/search
ESPECIAL SINF√îNICO THE BEATLES por OSSCA e SONIDO CLUB,,28/06/2024,23:00,,Teatro Ademir Rosa,Florian√≥polis,https://www.sympla.com.br/api/v1/search
6¬∫ Simp√≥sio de Psicogeriatria da ACP,Congressos,29/06/2024,12:00,,Mercure Florianopolis Convention Hotel,Florian√≥polis,https://www.sympla.com.br/api/v1/search
Halloween PARTY (9 ate 15 anos),Baladas,25/10/2024,22:00,,SHAPES ingles para criancas ,Florian√≥polis,https://www.sympla.com.br/api/v1/search
Tablao - Dan√ßa Flamenca com m√∫sica ao vivo,Teatro,30/06/2024,22:30,,FLAMENCO Carol Ferrari,Florian√≥polis,https://www.sympla.com.br/api/v1/search
Wander Wildner no C√©lula Cultural,Shows,21/06/2024,00:00,,C√©lula Showcase,Florian√≥polis,https://www.sympla.com.br/api/v1/search
üé∏ THESE DAYS - TRIBUTO OFICIAL DO BON JOVI AO VIVO!,,25/08/2024,00:00,,Centro de Cultura e Eventos da UFSC,Florian√≥polis,https://www.sympla.com.br/api/v1/search
Festival de Arquitetura - ESCRIT√ìRIO ABERTO,Cursos,15/06/2024,12:00,,Florian√≥polis,Florian√≥polis,https://www.sympla.com.br/api/v1/search
Cogumelo Plut√£o Tour 25 anos em Floripa!,Shows,27/07/2024,01:00,,Celula Show Case,Florian√≥polis,https://www.sympla.com.br/api/v1/search
Semin√°rio - Evento de testes e treinamento,Congressos,14/10/2024,11:00,,"Rod. Jos√© Carlos Daux, 10460",Florian√≥polis,https://www.sympla.com.br/api/v1/search
"L√∫cia Helena Galv√£o em Florian√≥polis - Palestra ""As Leis Universais do Caibalion""",Cursos,21/09/2024,21:00,,Associa√ß√£o Catarinense de Medicina,Florian√≥polis,https://www.sympla.com.br/api/v1/search
Cinema na Rua,Baladas,17/06/2024,22:00,,Teatro √Ålvaro de Carvalho,Florian√≥polis,https://www.sympla.com.br/api/v1/search
Imp√©rium Rock Festival // 05/JUL - Sexta na C√©lula Showcase,Baladas,06/07/2024,01:00,,C√©lula Showcase,Florian√≥polis,https://www.sympla.com.br/api/v1/search
Vou mudar para TI - Seu in√≠cio na √°rea da tecnologia,Cursos,19/08/2024,21:00,,ACATE,Florian√≥polis,https://www.sympla.com.br/api/v1/search
EXPERIENCE DAY - 21 E 22 DE JUNHO,Cursos,21/06/2024,11:00,,Gera√ß√£o Yamaha Experience,Florian√≥polis,https://www.sympla.com.br/api/v1/search
Arrai√° Square SC,Baladas,12/07/2024,20:30,,"Rod. Jos√© Carlos Daux, 5500",Florian√≥polis,https://www.sympla.com.br/api/v1/search
CURSO PRESENCIAL DE GEST√ÉO DE TR√ÅFEGO PAGO EM FLORIAN√ìPOLIS,Cursos,22/06/2024,11:00,,Square SC,Florian√≥polis,https://www.sympla.com.br/api/v1/search
Hertech Revolution Apresenta: Superpoderes das Vendas - Mulheres na √Årea Comercial,Cursos,04/07/2024,22:00,,SOHO Centro de Inova√ß√£o Tecnol√≥gica,Florian√≥polis,https://www.sympla.com.br/api/v1/search
RELACIONAMENTOS SEM COMPLICA√á√ÉO - Workshop de Medita√ß√£o,Cursos,13/07/2024,13:00,,Centro de Medita√ß√£o Kadampa Florian√≥polis,Florian√≥polis,https://www.sympla.com.br/api/v1/search
Kono o pequeno grande p√°ssaro,Teatro,06/07/2024,19:00,,Livraria Divertida,Florian√≥polis,https://www.sympla.com.br/api/v1/search
Workshop Cassol - Novas tecnologias de argamassa - Florian√≥polis/SC,Cursos,25/06/2024,22:00,,Cassol SC 401,Florian√≥polis,https://www.sympla.com.br/api/v1/search
Festa Junina - Garagem da Dan√ßa,Baladas,28/06/2024,21:00,,Garagem da Dan√ßa,Florian√≥polis,https://www.sympla.com.br/api/v1/search
Di√°logos Necess√°rios sobre o Patrim√¥nio Arquitet√¥nico Moderno Catarinense,,21/06/2024,17:00,,Edif√≠cio Portobello - Unisul,Florian√≥polis,https://www.sympla.com.br/api/v1/search
MB Summit Florian√≥polis 2024,Congressos,19/11/2024,11:00,,Square,Florian√≥polis,https://www.sympla.com.br/api/v1/search
Sem Pap√©is - Jogos de Improviso | Segunda Sess√£o,Teatro,29/06/2024,23:30,,Camarim - Escola de Arte,Florian√≥polis,https://www.sympla.com.br/api/v1/search
Sem Pap√©is - Jogos de Improviso | Primeira Sess√£o,Teatro,29/06/2024,21:30,,Camarim - Escola de Arte,Florian√≥polis,https://www.sympla.com.br/api/v1/search
Mentoring Day - Linkedin Business - N√≠vel B√°sico,Cursos,27/06/2024,17:00,,B2B Offices,Florian√≥polis,https://www.sympla.com.br/api/v1/search
Fornalha Tour - Florian√≥polis/ SC,,14/08/2024,22:30,,Get Church,Florian√≥polis,https://www.sympla.com.br/api/v1/search
8¬™ Jornada de Psiquiatria da Inf√¢ncia e Adolesc√™ncia da ACP,Congressos,28/06/2024,12:00,,Mercure Florianopolis Convention Hotel,Florian√≥polis,https://www.sympla.com.br/api/v1/search
71¬™ Jornada Catarinense de Dermatologia,Cursos,28/06/2024,16:00,,Hotel Intercity Portofino Florian√≥polis,Florian√≥polis,https://www.sympla.com.br/api/v1/search
Apresenta√ß√£o de projetos premiados IAB e a Experi√™ncia do centro¬†cultural¬†Veras,,18/06/2024,21:00,,Centro Cultural Veras,Florian√≥polis,https://www.sympla.com.br/api/v1/search
Workshop de Planejamento Estrat√©gico e Gest√£o √Ågil,Cursos,20/07/2024,11:30,,Lemonadde Coworking + Office,Florian√≥polis,https://www.sympla.com.br/api/v1/search
"Staffing Talks: Insights sobre PJ, CLT e Cooperado no mundo do Direito do Trabalho.",Congressos,27/06/2024,22:00,,Soho Centro de Inova√ß√£o Tecnol√≥gica,Florian√≥polis,https://www.sympla.com.br/api/v1/search
UMA MENTE RESILIENTE _Workshop de Medita√ß√£o,Cursos,22/06/2024,13:00,,Centro de Medita√ß√£o Kadampa Florian√≥polis,Florian√≥polis,https://www.sympla.com.br/api/v1/search
Celebra√ß√£o do Solst√≠cio de Inverno - Festa Junina,Baladas,21/06/2024,18:00,,Avalon Evolutive School,Florian√≥polis,https://www.sympla.com.br/api/v1/search
Quinta dos Sonhos - Feira de Noivos (Florian√≥polis),,20/06/2024,21:00,,Indai√° Eventos - Mirante da Lagoa,Florian√≥polis,https://www.sympla.com.br/api/v1/search
Talk Gest√£o de Valor,Congressos,27/06/2024,22:00,,Square SC,Florian√≥polis,https://www.sympla.com.br/api/v1/search
Dermato In Rio 2024,Congressos,28/06/2024,11:00,,Associa√ß√£o Catarinense de Medicina - ACM,Florian√≥polis,https://www.sympla.com.br/api/v1/search
Empreende Arquitetura com Daniel Lucena,Cursos,17/06/2024,11:15,,Universidade do Sul de Santa Catarina,Florian√≥polis,https://www.sympla.com.br/api/v1/search
TALK EXPERIENCE | Neg√≥cios&Conex√µes,Congressos,22/06/2024,11:30,,"R. Lauro Linhares, 1281",Florian√≥polis,https://www.sympla.com.br/api/v1/search
Intexfy Conecta Presencial,Cursos,25/06/2024,22:00,,"Rod. Jos√© Carlos Daux, 5500",Florian√≥polis,https://www.sympla.com.br/api/v1/search
Keeps Summit 2024,Cursos,24/10/2024,12:00,,ACATE | Centro de Inova√ß√£o,Florian√≥polis,https://www.sympla.com.br/api/v1/search
LIVREVINHO 25 de Junho (ter√ßa)   - O Acontecimento,,25/06/2024,22:00,,Terroir Catarina,Florian√≥polis,https://www.sympla.com.br/api/v1/search
LIVREVINHO 26 de Junho (quarta)   - O Acontecimento,,26/06/2024,22:00,,Terroir Catarina,Florian√≥polis,https://www.sympla.com.br/api/v1/search
EXTRAJUDICIAL SUMMIT - 3¬™ Edi√ß√£o,Congressos,13/07/2024,11:30,,Square SC,Florian√≥polis,https://www.sympla.com.br/api/v1/search
COMECOMM MASTERS FLORIPA - 26/06,Cursos,26/06/2024,16:00,,CIA PRIMAVERA -¬†ACATE,Florian√≥polis,https://www.sympla.com.br/api/v1/search
Encontro CAIC de pediatria ambulatorial,Cursos,10/08/2024,11:00,,Local a definir,Florian√≥polis,https://www.sympla.com.br/api/v1/search
Nelson Rock Festival 6,Shows,07/07/2024,21:00,,John Bull Floripa,Florian√≥polis,https://www.sympla.com.br/api/v1/search
O Grilo em Florian√≥polis: TUDO ACONTECE AGORA (pt.1) no John Bull,Shows,06/07/2024,20:00,,John Bull Floripa,Florian√≥polis,https://www.sympla.com.br/api/v1/search
HALLOGAY 2024,Baladas,02/11/2024,02:00,,Bar do Deca,Florian√≥polis,https://www.sympla.com.br/api/v1/search
ARRAI√Å DO DECA,Baladas,14/07/2024,02:00,,Bar do Deca,Florian√≥polis,https://www.sympla.com.br/api/v1/search
Netwoking para Mulheres,Congressos,22/06/2024,17:30,,"R. Silvio Possobon, 47",Florian√≥polis,https://www.sympla.com.br/api/v1/search
AULAS DE BUDISMO MODERNO,Cursos,02/07/2024,22:30,,Centro de Medita√ß√£o Kadampa Florian√≥polis,Florian√≥polis,https://www.sympla.com.br/api/v1/search
AULAS DE BUDISMO MODERNO,Cursos,16/07/2024,22:30,,Centro de Medita√ß√£o Kadampa Florian√≥polis,Florian√≥polis,https://www.sympla.com.br/api/v1/search
AULAS DE BUDISMO MODERNO,Cursos,09/07/2024,22:30,,Centro de Medita√ß√£o Kadampa Florian√≥polis,Florian√≥polis,https://www.sympla.com.br/api/v1/search
Workshop Pr√°tico de Libera√ß√£o Miofascial Manual,Cursos,13/07/2024,12:00,,Edif√≠cio Apolo,Florian√≥polis,https://www.sympla.com.br/api/v1/search
Funda√ß√£o Projeto Tamar Florian√≥polis,,30/04/2024,20:00,,Funda√ß√£o Projeto Tamar - Florian√≥polis/SC   ,Florian√≥polis,https://www.sympla.com.br/api/v1/search
TROOP TAKE OVER na PRAIA com ZOPELAR,Baladas,22/06/2024,18:00,,Mona Beach Club,Florian√≥polis,https://www.sympla.com.br/api/v1/search
Unidos pelo Rio Grande do Sul,Baladas,06/07/2024,18:00,,Clube Atl√©tico 6 de Janeiro (Assoc. Subt. Sarg. do Ex√©rcito),Florian√≥polis,https://www.sympla.com.br/api/v1/search
SindExpo  Florian√≥polis24 - A Maior Feira de Neg√≥cios para S√≠ndicos e Condom√≠nios do Brasil,Congressos,26/07/2024,17:00,,Associa√ß√£o Catarinense de Medicina - ACM,Florian√≥polis,https://www.sympla.com.br/api/v1/search
3¬∫ FEIJOADA PANINI,Baladas,29/06/2024,15:00,,Panini Caf√©,Florian√≥polis,https://www.sympla.com.br/api/v1/search
AULAS DE BUDISMO MODERNO,Cursos,11/06/2024,22:30,,Centro de Medita√ß√£o Kadampa Florian√≥polis,Florian√≥polis,https://www.sympla.com.br/api/v1/search
AULAS DE BUDISMO MODERNO,Cursos,18/06/2024,22:30,,Centro de Medita√ß√£o Kadampa Florian√≥polis,Florian√≥polis,https://www.sympla.com.br/api/v1/search
AULAS DE BUDISMO MODERNO,Cursos,25/06/2024,22:30,,Centro de Medita√ß√£o Kadampa Florian√≥polis,Florian√≥polis,https://www.sympla.com.br/api/v1/search
Medita√ß√µes de Budismo Moderno,Cursos,06/06/2024,22:30,,Centro de Medita√ß√£o Kadampa Florian√≥polis,Florian√≥polis,https://www.sympla.com.br/api/v1/search
Harmonic Edi√ß√£o O Despertar da Sabedoria | Open Air | Florian√≥polis - Ilha da Magia,Shows,21/07/2024,13:00,,S√≠tio 3 Meninas | Espa√ßo para Eventos,Florian√≥polis,https://www.sympla.com.br/api/v1/search
Curso de gestantes CAIC ,Cursos,14/09/2024,11:00,,CAIC - Cl√≠nica de Atendimento Integral da Crian√ßa,Florian√≥polis,https://www.sympla.com.br/api/v1/search
PlayBPO Summit - O evento oficial do BPO Financeiro,Congressos,24/10/2024,17:00,,ACM,Florian√≥polis,https://www.sympla.com.br/api/v1/search
CERTIFICA√á√ÉO T√âCNICA D-GUARD + SITUATOR CENTER,Cursos,16/07/2024,11:30,,Seventh,Florian√≥polis,https://www.sympla.com.br/api/v1/search
Ecstatic Jazz - silent disco,Cursos,23/06/2024,19:30,,OASYS - Floripa,Florian√≥polis,https://www.sympla.com.br/api/v1/search
Palestra Gratuita - Curso Intermissivo / Florian√≥polis - SC,Congressos,05/07/2024,22:30,,IIPC - Instituto Internacional de Projeciologia e Conscienciologia,Florian√≥polis,https://www.sympla.com.br/api/v1/search
EnergoLab+ - Laborat√≥rios de T√©cnicas Energ√©ticas Positivas / Florian√≥polis - SC,Congressos,03/07/2024,22:30,,IIPC - Instituto Internacional de Projeciologia e Conscienciologia,Florian√≥polis,https://www.sympla.com.br/api/v1/search
Palestra Gratuita: Morrer √© Mudar de Dimens√£o / Florian√≥polis - SC,Congressos,19/07/2024,22:30,,IIPC - Instituto Internacional de Projeciologia e Conscienciologia,Florian√≥polis,https://www.sympla.com.br/api/v1/search
Aula Gratuita: Curso Pacifismologia - Presencial - Florian√≥polis/SC,Cursos,09/07/2024,22:30,,IIPC - Instituto Internacional de Projeciologia e Conscienciologia,Florian√≥polis,https://www.sympla.com.br/api/v1/search
CBOVET,Congressos,16/04/2026,11:00,,Florian√≥polis,Florian√≥polis,https://www.sympla.com.br/api/v1/search
S√°bado 06/07 Showcase da HOTOVEN RECORDS - Sunset!,Baladas,06/07/2024,15:00,,Graffi House,Florian√≥polis,https://www.sympla.com.br/api/v1/search
M√©todo de Choque - O m√©todo de treinamento dos atletas ol√≠mpicos especial para pot√™ncia no esporte,Cursos,29/06/2024,11:00,,Academia Rafael Tonet - Florian√≥polis,Florian√≥polis,https://www.sympla.com.br/api/v1/search
3¬∞ Arrai√° Bar do Boni,Baladas,21/06/2024,22:00,,Bar do Boni,Florian√≥polis,https://www.sympla.com.br/api/v1/search
SODOMA - 12/07,Baladas,13/07/2024,02:00,,"Rod. Jos√© Carlos Daux, 14680",Florian√≥polis,https://www.sympla.com.br/api/v1/search
"Talk [Inova√ß√£o e impacto: A trajet√≥ria pioneira da revista PROJETO], com Fernando Mungioli",Cursos,18/06/2024,12:30,,Shopping Casa & Design,Florian√≥polis,https://www.sympla.com.br/api/v1/search
Oficina de EXERC√çCIO √çNTIMO em Florian√≥polis,Cursos,12/07/2024,21:00,,Yab√°s Obstetr√≠cia e Ginecologia | no Multi Open Shopping | no Rio Tavares,Florian√≥polis,https://www.sympla.com.br/api/v1/search
EnergoLab+ - Laborat√≥rios de T√©cnicas Energ√©ticas Positivas / Florian√≥polis - SC,Congressos,26/06/2024,22:30,,IIPC - Instituto Internacional de Projeciologia e Conscienciologia,Florian√≥polis,https://www.sympla.com.br/api/v1/search
EnergoLab+ - Laborat√≥rios de T√©cnicas Energ√©ticas Positivas / Florian√≥polis - SC,Congressos,19/06/2024,22:30,,IIPC - Instituto Internacional de Projeciologia e Conscienciologia,Florian√≥polis,https://www.sympla.com.br/api/v1/search
Palestra Gratuita  -  Paz: Compromisso Assistencial  / Florian√≥polis-SC,Congressos,21/06/2024,22:30,,IIPC - Instituto Internacional de Projeciologia e Conscienciologia,Florian√≥polis,https://www.sympla.com.br/api/v1/search
Palestra Gratuita  -  Vidas Passadas: Realidade ou Mito?  / Florian√≥polis-SC,Congressos,28/06/2024,22:30,,IIPC - Instituto Internacional de Projeciologia e Conscienciologia,Florian√≥polis,https://www.sympla.com.br/api/v1/search
Parar. Sentir. Respirar.,Cursos,28/07/2024,12:00,,Bendito Tantra,Florian√≥polis,https://www.sympla.com.br/api/v1/search
Conversas de Comadres - Amadurecimento Feminino,Congressos,18/06/2024,21:00,,Casa Sankalpa,Florian√≥polis,https://www.sympla.com.br/api/v1/search
PULSOUNDS,Congressos,21/07/2024,11:00,,Selina Floripa & Cowork,Florian√≥polis,https://www.sympla.com.br/api/v1/search
Bando Gadje - grupo de estudos de Jazz Manouche,Cursos,02/07/2024,21:00,,Sala M,Florian√≥polis,https://www.sympla.com.br/api/v1/search
Workshop de Teatro para Mestre de Cerim√¥nias  - Floripa!,Cursos,13/07/2024,13:00,,Soho Centro de Inova√ß√£o Tecnol√≥gica,Florian√≥polis,https://www.sympla.com.br/api/v1/search
O PODER DA INTELIG√äNCIA FINANCEIRA  NA PR√ÅTICA - PASSO A PASSO,Cursos,15/07/2024,12:30,,O evento ser√° online - Florian√≥polis,Florian√≥polis,https://www.sympla.com.br/api/v1/search
PNL - PROGRAMA√á√ÉO NEUROLINGU√çSTICA (COM CERTIFICA√á√ÉO),Cursos,07/07/2024,12:30,,O evento ser√° online - Florian√≥polis,Florian√≥polis,https://www.sympla.com.br/api/v1/search
ALCANCE SUA MAESTRIA EMOCIONAL ,Cursos,05/07/2024,12:30,,O evento ser√° online - Florian√≥polis,Florian√≥polis,https://www.sympla.com.br/api/v1/search
Se Libertando dos Medos e Inseguran√ßas - Passo a Passo,Cursos,11/07/2024,12:30,,O evento ser√° online - Florian√≥polis,Florian√≥polis,https://www.sympla.com.br/api/v1/search
PNL - PROGRAMA√á√ÉO NEUROLINGU√çSTICA (COM CERTIFICA√á√ÉO),Cursos,23/07/2024,12:30,,O evento ser√° online - Florian√≥polis,Florian√≥polis,https://www.sympla.com.br/api/v1/search
Se Libertando dos Medos e Inseguran√ßas - Passo a Passo,Cursos,03/07/2024,12:30,,O evento ser√° online - Florian√≥polis,Florian√≥polis,https://www.sympla.com.br/api/v1/search
Se Libertando dos Medos e Inseguran√ßas - Passo a Passo,Cursos,19/07/2024,12:30,,O evento ser√° online - Florian√≥polis,Florian√≥polis,https://www.sympla.com.br/api/v1/search
PRODUTIVIDADE M√ÅXIMA - Aprenda os segredos para ser cada vez mais produtivo,Cursos,17/07/2024,12:30,,O evento ser√° online - Florian√≥polis,Florian√≥polis,https://www.sympla.com.br/api/v1/search
Se Libertando dos Medos e Inseguran√ßas - Passo a Passo,Cursos,25/07/2024,12:30,,O evento ser√° online - Florian√≥polis,Florian√≥polis,https://www.sympla.com.br/api/v1/search
ALCANCE SUA MAESTRIA EMOCIONAL ,Cursos,21/07/2024,12:30,,O evento ser√° online - Florian√≥polis,Florian√≥polis,https://www.sympla.com.br/api/v1/search
PRODUTIVIDADE M√ÅXIMA - Aprenda os segredos para ser cada vez mais produtivo,Cursos,09/07/2024,12:30,,O evento ser√° online - Florian√≥polis,Florian√≥polis,https://www.sympla.com.br/api/v1/search
ALCANCE SUA MAESTRIA EMOCIONA ,Cursos,13/07/2024,12:30,,O evento ser√° online - Florian√≥polis,Florian√≥polis,https://www.sympla.com.br/api/v1/search
PRODUTIVIDADE M√ÅXIMA - Aprenda os segredos para ser cada vez mais produtivo,Cursos,01/07/2024,12:30,,O evento ser√° online - Florian√≥polis,Florian√≥polis,https://www.sympla.com.br/api/v1/search
ACATE + Conex√£o | Posse da Nova Diretoria,,11/07/2024,21:30,,Centro Integrado de Cultura (CIC),Florian√≥polis,https://www.sympla.com.br/api/v1/search
APRENDA COMO MONTAR UMA DISTRIBUIDORA DE BEBIDAS DO ZERO ,Cursos,18/06/2024,23:00,,O evento ser√° online - Florian√≥polis,Florian√≥polis,https://www.sympla.com.br/api/v1/search
O PODER DA GEST√ÉO FINANCEIRA 2.0,Cursos,27/06/2024,23:00,,O evento ser√° online - Florian√≥polis,Florian√≥polis,https://www.sympla.com.br/api/v1/search
O PODER DA INTELIG√äNCIA FINANCEIRA  NA PR√ÅTICA - PASSO A PASSO,Cursos,21/06/2024,23:00,,O evento ser√° online - Florian√≥polis,Florian√≥polis,https://www.sympla.com.br/api/v1/search
APRENDA A POTENCIALIZAR SEU C√âREBRO - CERTIFICA√á√ÉO + FERRAMENTAS,Cursos,26/06/2024,23:00,,O evento ser√° online - Florian√≥polis,Florian√≥polis,https://www.sympla.com.br/api/v1/search
O PODER DO FOCO - MAIS  DE 4 MIL PESSOAS J√Å ASSISTIRAM ESSE AUL√ÉO,Cursos,25/06/2024,23:00,,O evento ser√° online - Florian√≥polis,Florian√≥polis,https://www.sympla.com.br/api/v1/search
COMO ESCREVER E LAN√áAR SEU PRIMEIRO LIVRO - PASSO A PASSO,Cursos,24/06/2024,23:00,,O evento ser√° online - Florian√≥polis,Florian√≥polis,https://www.sympla.com.br/api/v1/search
O PODER DO H√ÅBITO - (APRENDA COMO MODIFICAR SEUS H√ÅBITOS),Cursos,23/06/2024,23:00,,O evento ser√° online - Florian√≥polis,Florian√≥polis,https://www.sympla.com.br/api/v1/search
Desbloqueio Emocional na pratica (Aprenda um passo a passo) ,Cursos,22/06/2024,12:30,,O evento ser√° online - Florian√≥polis,Florian√≥polis,https://www.sympla.com.br/api/v1/search
ALCANCE SUA MAESTRIA EMOCIONAL,Cursos,29/06/2024,12:30,,O evento ser√° online - Florian√≥polis,Florian√≥polis,https://www.sympla.com.br/api/v1/search
PRODUTIVIDADE M√ÅXIMA - Aprenda os segredos para ser cada vez mais produtivo,Cursos,27/06/2024,12:30,,O evento ser√° online - Florian√≥polis,Florian√≥polis,https://www.sympla.com.br/api/v1/search
PNL - PROGRAMA√á√ÉO NEUROLINGU√çSTICA (COM CERTIFICA√á√ÉO),Cursos,23/06/2024,12:30,,O evento ser√° online - Florian√≥polis,Florian√≥polis,https://www.sympla.com.br/api/v1/search
Se Libertando dos Medos e Inseguran√ßas - Passo a Passo,Cursos,25/06/2024,12:30,,O evento ser√° online - Florian√≥polis,Florian√≥polis,https://www.sympla.com.br/api/v1/search
PNL - PROGRAMA√á√ÉO NEUROLINGU√çSTICA (COM CERTIFICA√á√ÉO),Cursos,29/06/2024,12:30,,O evento ser√° online - Florian√≥polis,Florian√≥polis,https://www.sympla.com.br/api/v1/search
ALCANCE SUA MAESTRIA EMOCIONAL  ,Cursos,21/06/2024,12:30,,O evento ser√° online - Florian√≥polis,Florian√≥polis,https://www.sympla.com.br/api/v1/search
Se Libertando dos Medos e Inseguran√ßas - Passo a Passo,Cursos,19/06/2024,12:30,,O evento ser√° online - Florian√≥polis,Florian√≥polis,https://www.sympla.com.br/api/v1/search
PRODUTIVIDADE M√ÅXIMA - Aprenda os segredos para ser cada vez mais produtivo,Cursos,17/06/2024,12:30,,O evento ser√° online - Florian√≥polis,Florian√≥polis,https://www.sympla.com.br/api/v1/search
APRENDA A POTENCIALIZAR SEU C√âREBRO - CERTIFICA√á√ÉO + FERRAMENTAS,Cursos,17/06/2024,23:00,,O evento ser√° online - Florian√≥polis,Florian√≥polis,https://www.sympla.com.br/api/v1/search
O Ant√≠doto do Medo - Aprenda como se libertar das inseguran√ßas e medos,Cursos,16/06/2024,23:00,,O evento ser√° online - Florian√≥polis,Florian√≥polis,https://www.sympla.com.br/api/v1/search
A ARTE DO ESTOICISMO - MAESTRIA EMOCIONAL (COM CERTIFICA√á√ÉO),Cursos,20/06/2024,23:00,,O evento ser√° online - Florian√≥polis,Florian√≥polis,https://www.sympla.com.br/api/v1/search
A ARTE DO ESTOICISMO - MAESTRIA EMOCIONAL (COM CERTIFICA√á√ÉO),Cursos,28/06/2024,23:00,,O evento ser√° online - Florian√≥polis,Florian√≥polis,https://www.sympla.com.br/api/v1/search
Oriente,,14/07/2024,00:00,,Mona Beach Club,Florian√≥polis,https://www.sympla.com.br/api/v1/search
DESPERTAR DA ALMA - COMO VENCI MINHAS BATALHAS INVIS√çVEIS,Congressos,29/06/2024,13:00,,Trompowsky Corporate - AUDIT√ìRIO,Florian√≥polis,https://www.sympla.com.br/api/v1/search
DWD - Decanter Wine Day Florian√≥polis,,18/06/2024,20:00,,LK Design Hotel - Florian√≥polis,Florian√≥polis,https://www.sympla.com.br/api/v1/search
"Nas Internas - Divertido, Musical,¬†Filos√≥fico!",Teatro,19/06/2024,23:00,,Shopping Oka Floripa,Florian√≥polis,https://www.sympla.com.br/api/v1/search
30/06(DOM) SYSTEN OF A DOWN | ALICE IN CHAINS | NIRVANA | BLINK 182 | EUTHA | BORGDROID : MECRADONE,Baladas,01/07/2024,01:00,,C√©lula Showcase,Florian√≥polis,https://www.sympla.com.br/api/v1/search
NON STOP: TRAP ALL BLACK  MILK,,30/06/2024,02:00,,MILK,Florian√≥polis,https://www.sympla.com.br/api/v1/search
23/06(DOM) BINGO & FESTA JUNINA,Baladas,23/06/2024,23:00,,C√©lula Showcase,Florian√≥polis,https://www.sympla.com.br/api/v1/search
06/07(S√ÅB) : OASIS especial  por Gallangers e BRITPOP com The Sampoernas,Baladas,07/07/2024,00:00,,C√©lula Showcase,Florian√≥polis,https://www.sympla.com.br/api/v1/search
Gafieira Floripa Baile 365,Baladas,21/07/2024,00:00,,Sociedade Recreativa Esportiva e Cultural Novo Horizonte,Florian√≥polis,https://www.sympla.com.br/api/v1/search
Roda Especial de 1 ANO,Congressos,30/05/2024,16:30,,88066-250,Florian√≥polis,https://www.sympla.com.br/api/v1/search
ACATE + Conex√£o | Verticais de Neg√≥cios 15 anos,Congressos,11/07/2024,17:00,,ACATE - Associa√ß√£o Catarinense de Tecnologia,Florian√≥polis,https://www.sympla.com.br/api/v1/search
Em busca do Match Perfeito - Caio Morelli | Stand-up Comedy em Florian√≥polis - 13/07,Teatro,14/07/2024,00:00,,Floripa Comedy Club,Florian√≥polis,https://www.sympla.com.br/api/v1/search
All In Poker Night,Baladas,19/06/2024,22:00,,"Av. dos Merlins, 156",Florian√≥polis,https://www.sympla.com.br/api/v1/search
28/06(SEX)  IRON MAIDEN | HELLOWEEN | GAMMA RAY | STAR SHOK | BON JOVI | JAMMANTA,Baladas,29/06/2024,01:00,,C√©lula Showcase,Florian√≥polis,https://www.sympla.com.br/api/v1/search
29/06(S√ÅB) ARCTIC MONKEYS | INCUBUS | RED HOT CHILLI PEPPERS | JANDAIA | OUTROS BARBAROS | TIJUQUERA,Baladas,30/06/2024,01:00,,C√©lula Showcase,Florian√≥polis,https://www.sympla.com.br/api/v1/search
"22/06 (SAB) SKYLAB, O RETORNO + ZOIDZ",Baladas,23/06/2024,00:00,,C√©lula Showcase,Florian√≥polis,https://www.sympla.com.br/api/v1/search
Roda Especial de 1 ANO,Congressos,22/06/2024,21:00,,88066-250,Florian√≥polis,https://www.sympla.com.br/api/v1/search
SEMIN√ÅRIO VIBRATION INSTITUTE,Congressos,23/09/2024,16:00,,ACATE | Centro de Inova√ß√£o,Florian√≥polis,https://www.sympla.com.br/api/v1/search
JORGE VERCILLO,,21/06/2024,22:00,,Folha Beach Club,Florian√≥polis,https://www.sympla.com.br/api/v1/search
ARQUITETURA E IDENTIDADE,Congressos,19/06/2024,21:00,,Passeio Sapiens,Florian√≥polis,https://www.sympla.com.br/api/v1/search
Varejo Tech Day 2024,Congressos,04/07/2024,17:00,,ACATE,Florian√≥polis,https://www.sympla.com.br/api/v1/search
Conven√ß√£o Nacional AsBEA | Florian√≥polis SC,Cursos,19/06/2024,23:00,,IL Campanario Villaggio Resort,Florian√≥polis,https://www.sympla.com.br/api/v1/search
Ecossistema de Sa√∫de: oportunidades integradas e neg√≥cios inovadores,Congressos,27/06/2024,22:00,,FIESC - Academia Fiesc de Neg√≥cios - Arena,Florian√≥polis,https://www.sympla.com.br/api/v1/search
Happy Hour: NASA Space Apps Challenge,Cursos,20/06/2024,22:00,,"Av. dos Merlins, 156",Florian√≥polis,https://www.sympla.com.br/api/v1/search
Prompt Day - AI BBQ ft Amir Rezaee - How can AI help improve sustainability?,Baladas,29/06/2024,17:00,,"Av. dos Merlins, 156",Florian√≥polis,https://www.sympla.com.br/api/v1/search
Isa Buzzi - Primeira Turn√™,Shows,14/09/2024,22:00,,Teatro Dion√≠sio,Florian√≥polis,https://www.sympla.com.br/api/v1/search
F√≥rum Catarinense das Parcerias P√∫blico-Privadas e Protagonismo das desestatiza√ß√µes,Congressos,16/07/2024,16:30,,FIESC - Federa√ß√£o das Ind√∫strias do Estado de Santa Catarina,Florian√≥polis,https://www.sympla.com.br/api/v1/search
"Taller i-THREAD | Pre Congreso  | Florian√≥polis, Brasil",Cursos,31/07/2024,13:00,,Local a definir,Florian√≥polis,https://www.sympla.com.br/api/v1/search
3¬™ Lote - 13¬™ Edi√ß√£o One Day For Money,Cursos,12/06/2024,16:10,,"R. do Marisco, 80",Florian√≥polis,https://www.sympla.com.br/api/v1/search
Bloco do Eu Sozinho em Florian√≥polis/SC,,07/09/2024,01:00,,John Bull Floripa,Florian√≥polis,https://www.sympla.com.br/api/v1/search
ACROREVOLU√áAO SOLAR BRASIL,Cursos,14/06/2024,15:30,,"Servid√£o Jos√© Francisco Bardan√ßa Filho, 255",Florian√≥polis,https://www.sympla.com.br/api/v1/search
Imers√£o Affrodite: deixe o Amor entrar / Retiro Day-Night de 12 horas no autoconhecimento feminino,Cursos,16/06/2024,12:00,,Observat√≥rio Caminho do Meio,Florian√≥polis,https://www.sympla.com.br/api/v1/search
2¬™ Lote - 13¬™ Edi√ß√£o One Day For Money,Cursos,03/06/2024,18:21,,"R. do Marisco, 80",Florian√≥polis,https://www.sympla.com.br/api/v1/search
SEMIN√ÅRIO RED UMBRELLA: EMPREENDER COM FILOSOFIA,Congressos,06/07/2024,11:30,,Recanto Champagnat,Florian√≥polis,https://www.sympla.com.br/api/v1/search
Curso de Energia Solar em Florian√≥polis dias 26/07 e 27/07/2024. Curso Instalador e Projetista Solar,Cursos,26/07/2024,11:45,,HZ COWORKING SPACE,Florian√≥polis,https://www.sympla.com.br/api/v1/search
Curso de Energia Solar em Florian√≥polis dias 23/08 e 24/08/2024. Curso Instalador e Projetista Solar,Cursos,23/08/2024,11:45,,HZ COWORKING SPACE,Florian√≥polis,https://www.sympla.com.br/api/v1/search
ARQUI + tecitura do ponto diferencial,Cursos,18/06/2024,12:30,,Criatividade Positiva,Florian√≥polis,https://www.sympla.com.br/api/v1/search
ARRAI√Å SOLID√ÅRIO AMUCC,Baladas,07/07/2024,18:00,,ICSC- Iate Clube Veleiros da Ilha - Florian√≥polis,Florian√≥polis,https://www.sympla.com.br/api/v1/search
TURMA 2 - INTELIG√äNCIA ARTIFICIAL - APRENDA A USAR O CHATGPT E LEONARDO.AI,Cursos,27/06/2024,22:00,,EVENTO ONLINE VIA MEET DO GOOGLE,Florian√≥polis,https://www.sympla.com.br/api/v1/search
DIVERSITY,Baladas,16/06/2024,19:00,,Bar do Deca,Florian√≥polis,https://www.sympla.com.br/api/v1/search
Confraterniza√ß√£o fam√≠lia Santos,Baladas,17/06/2024,13:30,,Casa,Florian√≥polis,https://www.sympla.com.br/api/v1/search
Darkroom - A Festa,Baladas,28/07/2024,02:00,,Florian√≥polis,Florian√≥polis,https://www.sympla.com.br/api/v1/search
Entre Elas - A√ß√£o solid√°ria pelo RS,Congressos,19/06/2024,22:00,,"Rodovia Jornalista Maur√≠cio Sirotski Sobrinho, 5910",Florian√≥polis,https://www.sympla.com.br/api/v1/search
2¬∫ CONGRESSO DE MANICURES E NAIL DESIGNER,Congressos,10/11/2024,12:00,,Castelmar Hotel,Florian√≥polis,https://www.sympla.com.br/api/v1/search
App Avaliador Premiado 3.0 Paga Mesmo Funciona Onde Baixar,Cursos,02/03/2024,16:30,,Avaliador Premiado,Florian√≥polis,https://www.sympla.com.br/api/v1/search
Workshop Pr√°ticas Bioenerg√©ticas,Cursos,20/07/2024,18:00,,"Av. Rio Branco, 380 - sala 602",Florian√≥polis,https://www.sympla.com.br/api/v1/search
ECOHOME/LIFE24,,28/06/2024,22:00,,Passeio Sapiens,Florian√≥polis,https://www.sympla.com.br/api/v1/search
Orquestra de C√¢mara de Blumenau - Projeto Caminhos da M√∫sica,Teatro,03/07/2024,23:00,,Teatro Ademir Rosa,Florian√≥polis,https://www.sympla.com.br/api/v1/search
VEIGH,,27/07/2024,17:00,,Parador 12 - P12,Florian√≥polis,https://www.sympla.com.br/api/v1/search
LITERATURA VIVA,,26/06/2024,21:00,,Rua Saldanha Marinho ,Florian√≥polis,https://www.sympla.com.br/api/v1/search
LITERATURA VIVA,,26/06/2024,19:00,,Rua Saldanha Marinho ,Florian√≥polis,https://www.sympla.com.br/api/v1/search
LITERATURA VIVA,,26/06/2024,23:00,,Rua Saldanha Marinho ,Florian√≥polis,https://www.sympla.com.br/api/v1/search
LITERATURA VIVA,,26/06/2024,17:00,,Rua Saldanha Marinho ,Florian√≥polis,https://www.sympla.com.br/api/v1/search
Esquenta Startup Summit: Opens Tecnologia + Sebrae SC,Cursos,18/06/2024,21:00,,Sebrae - Sede Administrativa Santa Catarina,Florian√≥polis,https://www.sympla.com.br/api/v1/search
CICLO DE PALESTRAS - LIDEREN√áA INTERASSISTENCIAL,Congressos,15/08/2024,21:00,,Universidade Federal de Santa Catarina - UFSC - CENTRO S√ìCIO-ECON√îMICO,Florian√≥polis,https://www.sympla.com.br/api/v1/search
Dan√ßa do ventre e Autoconhecimento,Cursos,06/07/2024,17:30,,Casa M√∫ltiplas,Florian√≥polis,https://www.sympla.com.br/api/v1/search
S√ì PRA CONTRARIAR - AC√öSTICO 2  O √öLTIMO ENCONTRO,,07/09/2024,17:00,,Parador 12 - P12,Florian√≥polis,https://www.sympla.com.br/api/v1/search
Festa Junina no Salazar,Baladas,16/06/2024,14:00,,Espa√ßo Salazar,Florian√≥polis,https://www.sympla.com.br/api/v1/search
Espet√°culo Solid√°rio Pelo RS - Florian√≥polis,Teatro,22/06/2024,21:00,,Casa Vermelha Centro Cultural,Florian√≥polis,https://www.sympla.com.br/api/v1/search
CICLO DE PALESTRAS - SA√öDE CONSCIENCIAL,Congressos,04/07/2024,21:00,,Universidade Federal de Santa Catarina - UFSC - CENTRO S√ìCIO-ECON√îMICO,Florian√≥polis,https://www.sympla.com.br/api/v1/search
Conscienciologia: A Ci√™ncia da Consci√™ncia,Cursos,27/08/2024,12:00,,Universidade Federal de Santa Catarina - UFSC - CENTRO S√ìCIO-ECON√îMICO,Florian√≥polis,https://www.sympla.com.br/api/v1/search
"TRAP ALL BLACK COM ORUAM, TZ DA CORONEL, ITALO MELO E SPARK ",,29/06/2024,17:00,,Parador 12 - P12,Florian√≥polis,https://www.sympla.com.br/api/v1/search
Anivers√°rio Desterro 29 Anos,Baladas,29/06/2024,21:00,,Wooden Tap Beer,Florian√≥polis,https://www.sympla.com.br/api/v1/search
Teoria e Pr√°tica da Reurbaniza√ß√£o Extraf√≠sica - Florian√≥polis,Cursos,29/06/2024,17:00,,"Av. Rio Branco, 380 - sala 602",Florian√≥polis,https://www.sympla.com.br/api/v1/search
Despertar Art√≠stico _ ARTE ABSTRATA,Cursos,22/06/2024,13:00,,MERCAD√ÉO DE COQUEIROS,Florian√≥polis,https://www.sympla.com.br/api/v1/search
Mini Kiki Ball Futball,Baladas,07/07/2024,21:00,,C√©lula Showcase,Florian√≥polis,https://www.sympla.com.br/api/v1/search
Hinode Arraial geek,,06/07/2024,17:00,,Condom√≠nio Carvoeira,Florian√≥polis,https://www.sympla.com.br/api/v1/search
Festival Interl√∫dio,Baladas,21/06/2024,22:00,,Ha√¥ma Baixo Centro Bar,Florian√≥polis,https://www.sympla.com.br/api/v1/search
Alunos com TEA no √¢mbito escolar,Congressos,17/06/2024,12:00,,"Av. Gov. Ivo Silveira, 3775",Florian√≥polis,https://www.sympla.com.br/api/v1/search
FORMA√á√ÉO EM TERAPIA BENENZON - FLORIAN√ìPOLIS 2024 - Cl√≠nica Foga√ßa e Fundaci√≥n Benenzon Argentina,Cursos,12/07/2024,12:00,,Cl√≠nica Foga√ßa Espa√ßo Terap√™utico,Florian√≥polis,https://www.sympla.com.br/api/v1/search
G20 YEA Leaders' Assembly event,,16/06/2024,15:30,,"R. Visc. de Cair√∫, 391",Florian√≥polis,https://www.sympla.com.br/api/v1/search
Meetup Pyladies Floripa - Junho,Congressos,21/06/2024,22:00,,Cheesecake Labs,Florian√≥polis,https://www.sympla.com.br/api/v1/search
Application: G20 Santa Catarina - entrepreneurial state by nature,Cursos,15/06/2024,16:00,,Florian√≥polis,Florian√≥polis,https://www.sympla.com.br/api/v1/search
Despertar Art√≠stico _ ARTE ABSTRATA,Cursos,21/06/2024,18:00,,MERCAD√ÉO DE COQUEIROS,Florian√≥polis,https://www.sympla.com.br/api/v1/search
360 Solar - Conectando a Energia Fotovoltaica Com o Futuro!,Congressos,07/11/2024,12:00,,CentroSul,Florian√≥polis,https://www.sympla.com.br/api/v1/search
EATECH Roadshow | Florian√≥polis,Congressos,26/06/2024,14:30,,Rancho A√ßoriano,Florian√≥polis,https://www.sympla.com.br/api/v1/search
CLA - COMMUNITY LEADER ACADEMY 2024,Cursos,17/08/2024,11:00,,Sebrae - Sede Administrativa Santa Catarina,Florian√≥polis,https://www.sympla.com.br/api/v1/search
Curso de Energia Solar em Florian√≥polis. Curso Instalador e Projetista Solar.,Cursos,01/08/2026,11:45,,HZ COWORKING SPACE,Florian√≥polis,https://www.sympla.com.br/api/v1/search
Masterclass Jobs To Be Done: Transformando Insights de Clientes em Resultados,Cursos,27/06/2024,21:00,,"Acate Primavera, sala 3",Florian√≥polis,https://www.sympla.com.br/api/v1/search
Hippo Gourmet Experience 2024,Cursos,03/08/2024,17:00,,Alameda Casa Rosa,Florian√≥polis,https://www.sympla.com.br/api/v1/search
Crie um Ref√∫gio Aconchegante Transforme suas Paredes em Obras de Arte Exclusivas,Cursos,18/06/2024,19:00,,Local a definir,Florian√≥polis,https://www.sympla.com.br/api/v1/search
Crie um Ref√∫gio Aconchegante Transforme suas Paredes em Obras de Arte Exclusivas,Cursos,18/06/2024,19:00,,Local a definir,Florian√≥polis,https://www.sympla.com.br/api/v1/search
Vegan Flash Tattoos 2x1 Promo√ß√£o by Mystic,Baladas,16/06/2024,15:00,,"R. Jo√£o Pach√™co da Costa, 183",Florian√≥polis,https://www.sympla.com.br/api/v1/search
Reinaugura√ß√£o do B232 Coworking,Congressos,20/06/2024,21:30,,88034-460,Florian√≥polis,https://www.sympla.com.br/api/v1/search
Summit Solar 2024,Baladas,04/10/2024,12:00,,ACATE | Centro de Inova√ß√£o,Florian√≥polis,https://www.sympla.com.br/api/v1/search
Sai que √© baile 004,Baladas,22/06/2024,00:00,,C√©u de Floripa,Florian√≥polis,https://www.sympla.com.br/api/v1/search
Abertura Oficial LUSCH Garden,,25/06/2024,11:00,,LUSCH Garden,Florian√≥polis,https://www.sympla.com.br/api/v1/search
Portal¬†Solst√≠cio de Inverno,,21/06/2024,22:00,,Coletivo Flor da Vida,Florian√≥polis,https://www.sympla.com.br/api/v1/search
ELA.Ayurveda Imersivo Floripa,Cursos,22/06/2024,12:00,,Radda Inn Guest House,Florian√≥polis,https://www.sympla.com.br/api/v1/search
S√ÉO JO√ÉO JURER√ä,Baladas,22/06/2024,18:00,,Kings house,Florian√≥polis,https://www.sympla.com.br/api/v1/search
CriaCESUSC,Cursos,26/06/2024,22:00,,Faculdade Cesusc,Florian√≥polis,https://www.sympla.com.br/api/v1/search
Festa Junina,Baladas,29/06/2024,18:00,,Jurer√™ OPEN,Florian√≥polis,https://www.sympla.com.br/api/v1/search
Evento Dia Internacional do Yoga,Cursos,22/06/2024,12:00,,Espa√ßo Casulo,Florian√≥polis,https://www.sympla.com.br/api/v1/search
Festival de Educa√ß√£o da Escola dos Sonhos 2024 - A educa√ß√£o est√° nas m√£os de quem sonha,Shows,17/08/2024,11:00,,"Estrada Cristov√£o Machado de Campos, 1380",Florian√≥polis,https://www.sympla.com.br/api/v1/search
Festival Sul da Ilha Solid√°rio - SOS RS,Shows,22/06/2024,17:00,,Kilari√¥ Floripa,Florian√≥polis,https://www.sympla.com.br/api/v1/search
IMERS√ÉO 4Ps - Empres√°rios de Elite,Cursos,29/06/2024,11:00,,Vila F√°tima ,Florian√≥polis,https://www.sympla.com.br/api/v1/search
Workshop Vivencial Constela√ß√£o Familiar,Cursos,04/06/2024,20:00,,Casa ,Florian√≥polis,https://www.sympla.com.br/api/v1/search
1¬™ FEIGEVUADA DO GRUPO ESCOTEIRO GARAPUVU,Congressos,07/07/2024,14:00,,"Rod. Jo√£o Gualberto Soares, 4360",Florian√≥polis,https://www.sympla.com.br/api/v1/search
Semin√°rio Prosperar,Congressos,06/07/2024,20:00,,Mais de Cristo Canasvieiras,Florian√≥polis,https://www.sympla.com.br/api/v1/search
PROTOCOLO GOLD SKIN 3D,Cursos,06/07/2024,16:00,,Florian√≥polis,Florian√≥polis,https://www.sympla.com.br/api/v1/search
